{
    "classA":
    {
        "ID0":
        {
            "t_vel": 0.005,
            "r_vel": 0,
            "duration": 30
        },

        "ID1":
        {
            "t_vel": 0.005,
            "r_vel": 0.261799387799149,
            "duration": 30
        },

        "ID2":
        {
            "t_vel": 0.005,
            "r_vel": 0.523598775598299,
            "duration": 30
        },

        "ID3":
        {
            "t_vel": 0.005,
            "r_vel": 0.785398163397448,
            "duration": 30
        },
        "ID4":
        {
            "t_vel": 0.005,
            "r_vel": 1.0471975511966,
            "duration": 30
        },
        "ID5":
        {
            "t_vel": 0.005,
            "r_vel": 1.30899693899575,
            "duration": 30
        },
        "ID6":
        {
            "t_vel": 0.005,
            "r_vel": 1.5707963267949,
            "duration": 30
        }
    },

    "classB":
    {
        "ID0":
        {
            "t_vel": 0.01,
            "r_vel": 0,
            "duration": 15
        },

        "ID1":
        {
            "t_vel": 0.01,
            "r_vel": 0.261799387799149,
            "duration": 15
        },

        "ID2":
        {
            "t_vel": 0.01,
            "r_vel": 0.523598775598299,
            "duration": 15
        },

        "ID3":
        {
            "t_vel": 0.01,
            "r_vel": 0.785398163397448,
            "duration": 15
        },
        "ID4":
        {
            "t_vel": 0.01,
            "r_vel": 1.0471975511966,
            "duration": 15
        },
        "ID5":
        {
            "t_vel": 0.01,
            "r_vel": 1.30899693899575,
            "duration": 15
        },
        "ID6":
        {
            "t_vel": 0.01,
            "r_vel": 1.5707963267949,
            "duration": 15
        }
    },

    "classC":
    {
        "ID0":
        {
            "t_vel": 0.015,
            "r_vel": 0,
            "duration": 12
        },

        "ID1":
        {
            "t_vel": 0.015,
            "r_vel": 0.261799387799149,
            "duration": 12
        },

        "ID2":
        {
            "t_vel": 0.015,
            "r_vel": 0.523598775598299,
            "duration": 12
        },

        "ID3":
        {
            "t_vel": 0.015,
            "r_vel": 0.785398163397448,
            "duration": 12
        },
        "ID4":
        {
            "t_vel": 0.015,
            "r_vel": 1.0471975511966,
            "duration": 12
        },
        "ID5":
        {
            "t_vel": 0.015,
            "r_vel": 1.30899693899575,
            "duration": 12
        },
        "ID6":
        {
            "t_vel": 0.015,
            "r_vel": 1.5707963267949,
            "duration": 12
        }
    },

    "classD":
    {
        "ID0":
        {
            "t_vel": 0.02,
            "r_vel": 0,
            "duration": 10
        },

        "ID1":
        {
            "t_vel": 0.02,
            "r_vel": 0.261799387799149,
            "duration": 10
        },

        "ID2":
        {
            "t_vel": 0.02,
            "r_vel": 0.523598775598299,
            "duration": 10
        },

        "ID3":
        {
            "t_vel": 0.02,
            "r_vel": 0.785398163397448,
            "duration": 10
        },
        "ID4":
        {
            "t_vel": 0.02,
            "r_vel": 1.0471975511966,
            "duration": 10
        },
        "ID5":
        {
            "t_vel": 0.02,
            "r_vel": 1.30899693899575,
            "duration": 10
        },
        "ID6":
        {
            "t_vel": 0.02,
            "r_vel": 1.5707963267949,
            "duration": 10
        }
    },

    "classE":
    {
        "ID0":
        {
            "t_vel": 0.025,
            "r_vel": 0,
            "duration": 7
        },

        "ID1":
        {
            "t_vel": 0.025,
            "r_vel": 0.261799387799149,
            "duration": 7
        },

        "ID2":
        {
            "t_vel": 0.025,
            "r_vel": 0.523598775598299,
            "duration": 7
        },

        "ID3":
        {
            "t_vel": 0.025,
            "r_vel": 0.785398163397448,
            "duration": 7
        },
        "ID4":
        {
            "t_vel": 0.025,
            "r_vel": 1.0471975511966,
            "duration": 7
        },
        "ID5":
        {
            "t_vel": 0.025,
            "r_vel": 1.30899693899575,
            "duration": 7
        },
        "ID6":
        {
            "t_vel": 0.025,
            "r_vel": 1.5707963267949,
            "duration": 7
        }
    },

    "classF":
    {
        "ID0":
        {
            "t_vel": 0.030,
            "r_vel": 0,
            "duration": 6
        },

        "ID1":
        {
            "t_vel": 0.030,
            "r_vel": 0.261799387799149,
            "duration": 6
        },

        "ID2":
        {
            "t_vel": 0.030,
            "r_vel": 0.523598775598299,
            "duration": 6
        },

        "ID3":
        {
            "t_vel": 0.030,
            "r_vel": 0.785398163397448,
            "duration": 6
        },
        "ID4":
        {
            "t_vel": 0.030,
            "r_vel": 1.0471975511966,
            "duration": 6
        },
        "ID5":
        {
            "t_vel": 0.030,
            "r_vel": 1.30899693899575,
            "duration": 6
        },
        "ID6":
        {
            "t_vel": 0.030,
            "r_vel": 1.5707963267949,
            "duration": 6
        }
    }
}